,HDFS,Hadoop,Spark,Zookeeper,BGL,HPC,Thunderbird,Windows,Linux,Android,HealthApp,Apache,Proxifier,OpenSSH,OpenStack,Mac
F1_measure,0.9975,0.963,0.92,0.9665,0.9695,0.932,0.944,0.6885,0.69,0.7965,0.9005,1.0,0.5265,0.789,0.7325,0.7435
Accuracy,0.8387096774193549,0.8703703703703703,0.7692307692307692,0.8541666666666666,0.8584070796460176,0.8043478260869565,0.7815384615384614,0.8113207547169812,0.9304347826086956,0.7613636363636364,0.9387755102040817,1.0,0.56,0.8799999999999999,0.11695906432748537,0.8306332842415316
